lulu@gmail.com,test,tetstsst
lulu@gmail.com,test,tetstsst
lulu@gmail.com,test,tetstsst
lulu@gmail.com,test,tetstsst
lulu,lulu@gmail.com,ezeaze,a
yayou,yayou33@gmail.com,test,testststststs
lulu,lulu@gmail,bad,dhdhdhdhd
jay,jay@gmail,test,tetstststststsst
jacky,jaja@gmail,test,tetstst
aezeaze,azeazeaze@gmail.com,ejkzaejrkzjer,zaeazeaz
zaezeaze,azeazeazea@gmail.com,azeaze,azeazeazeazeaz
david,david.bernard@gmail.com,Hello,This is a test
loulou,loulou@gmail.com,test,hellloooooo
manu,manu@hotmail.fr,test,etzazeazoeazieoa
